Categoría,Línea,Código,Producto,Precio venta Brillan’tico
Pisos y superficies,ABRILLANTADOR DE CERAMI,233,Abrillantador de Ceramica (1/2 galón),1529.83
Pisos y superficies,ABRILLANTADOR DE CERAMI,439,Abrillantador de Ceramica (1/2 Pichinga),6397.63
Pisos y superficies,ABRILLANTADOR DE CERAMI,282,Abrillantador de Ceramica (Galón),2222.04
Pisos y superficies,ABRILLANTADOR DE CERAMI,189,Abrillantador de Ceramica (Litro),1164.08
Pisos y superficies,ABRILLANTADOR DE CERAMI,94,Abrillantador de Ceramica (relleno por kilos),451.18
Superficies,Abrillantador Para Llantas,383,Abrillantador Llantas Gel (1/2 Galón),4961.23
Superficies,Abrillantador Para Llantas,385,Abrillantador Llantas Gel (1/2 Pichinga),23614.48
Superficies,Abrillantador Para Llantas,372,Abrillantador Llantas Gel (250 ml bolsita),1057.68
Superficies,Abrillantador Para Llantas,364,Abrillantador Llantas Gel (250 ml botella c/ tapa),1330.33
Superficies,Abrillantador Para Llantas,256,Abrillantador Llantas Gel (500 ml bolsita),1543.13
Superficies,Abrillantador Para Llantas,195,Abrillantador Llantas Gel (Galón),9110.83
Superficies,Abrillantador Para Llantas,378,Abrillantador Llantas Gel (Litro c/ tapa Flip Top),2986.18
Superficies,Abrillantador Para Llantas,468,Abrillantador Llantas Gel (Relleno por kilo),2274.65
Superficies,Abrillantador Para Llantas,21,Abrillantador Llantas Normal (1/2 galón),4503.93
Superficies,Abrillantador Para Llantas,1,Abrillantador Llantas Normal (1/2 Pichinga),21283.79
Superficies,Abrillantador Para Llantas,451,Abrillantador Llantas Normal (250 ml bolsita),991.18
Superficies,Abrillantador Para Llantas,335,Abrillantador Llantas Normal (500 ml bolsita),1410.13
Superficies,Abrillantador Para Llantas,19,Abrillantador Llantas Normal (Galón),8189.28
Superficies,Abrillantador Para Llantas,20,Abrillantador Llantas Normal (Litro con Trigger),3072.63
Superficies,Abrillantador Para Llantas,50,Abrillantador Llantas Normal (Relleno por kilos),1663.79
Superficies,Abrillantador Para Llantas,18,Abrillantador Llantas Normal Flip Top (250 ml),1330.33
Superficies,Abrillantador Para Llantas,413,Abrillantador Llantas Normal Trigger (250 ml),1416.78
Superficies,Abrillantador Para Llantas,17,Abrillantador Llantas Supra (240 ml c/tapa Flip Top),3325.33
Superficies,Abrillantador Para Llantas,471,Abrillantador Llantas Supra (Galón),31521.33
Superficies,Abrillantador Para Llantas,470,Abrillantador Llantas Supra (Litro c/tapa Flip Top),8911.33
Superficies,Abrillantador Para Llantas,22,Abrillantador Llantas Supra (Relleno por kilos),8333.77
Pisos y superficies,ABRILLANTADOR PARA PISOS,26,Abrillantador Pisos (1/2 galón),1696.08
Pisos y superficies,ABRILLANTADOR PARA PISOS,279,Abrillantador Pisos (1/2 Pichinga),7295.38
Pisos y superficies,ABRILLANTADOR PARA PISOS,27,Abrillantador Pisos (Galón),2573.88
Pisos y superficies,ABRILLANTADOR PARA PISOS,29,Abrillantador Pisos (Litro),1257.18
Pisos y superficies,ABRILLANTADOR PARA PISOS,355,Abrillantador Pisos (relleno por kilos),552.73
Higiene y desinfección,ALCOHOL LIQUIDO 70%,438,Alcohol Líquido (Galón),10267.60
Higiene y desinfección,ALCOHOL LIQUIDO 70%,475,Alcohol líquido 240ML,1529.83
Higiene y desinfección,ALCOHOL LIQUIDO 70%,926,Alcohol líquido litro,3265.15
Higiene y desinfección,ALCOHOL MENTOLADO,925,Alcohol Mentolado (1/2 GALÓN),4335.81
Higiene y desinfección,ALCOHOL MENTOLADO,312,Alcohol Mentolado (250 ml),1463.33
Higiene y desinfección,ALCOHOL MENTOLADO,307,Alcohol Mentolado (Galón),7740.60
Higiene y desinfección,ALCOHOL MENTOLADO,308,Alcohol Mentolado (Litro tapa),2660.33
Higiene y desinfección,ALCOHOL MENTOLADO,309,Alcohol Mentolado (Litro trigger),3351.93
Aromatización,AROMATIZADOR MULTIUSO,447,Aromatizador multiuso (1/2 Galón),21134.03
Aromatización,AROMATIZADOR MULTIUSO,1314,Aromatizador multiuso Aloe Vera (250 ml),3724.33
Aromatización,AROMATIZADOR MULTIUSO,1299,Aromatizador multiuso Baby (250 ml),3724.33
Aromatización,AROMATIZADOR MULTIUSO,1300,Aromatizador multiuso Bambu (250 ml),3724.33
Aromatización,AROMATIZADOR MULTIUSO,1302,Aromatizador multiuso Brisa Marina (250 ml),3724.33
Aromatización,AROMATIZADOR MULTIUSO,1303,Aromatizador multiuso Carro Nuevo (250 ml),3724.33
Aromatización,AROMATIZADOR MULTIUSO,1304,Aromatizador multiuso Cherry (250 ml),3724.33
Aromatización,AROMATIZADOR MULTIUSO,1305,Aromatizador multiuso Chicle (250 ml),3724.33
Aromatización,AROMATIZADOR MULTIUSO,1306,Aromatizador multiuso Cipres (250 ml),3724.33
Aromatización,AROMATIZADOR MULTIUSO,1307,Aromatizador multiuso Citronela (250 ml),3724.33
Aromatización,AROMATIZADOR MULTIUSO,1308,Aromatizador multiuso Coco (250 ml),3724.33
Aromatización,AROMATIZADOR MULTIUSO,1309,Aromatizador multiuso Crombie (250 ml),3724.33
Aromatización,AROMATIZADOR MULTIUSO,1310,Aromatizador multiuso Fresa (250 ml),3724.33
Aromatización,AROMATIZADOR MULTIUSO,1311,Aromatizador multiuso Fresa Mora (250 ml),3724.33
Aromatización,AROMATIZADOR MULTIUSO,1312,Aromatizador multiuso Fresita (250 ml),3724.33
Aromatización,AROMATIZADOR MULTIUSO,1313,Aromatizador multiuso Frutos Citricos (250 ml),3724.33
Aromatización,AROMATIZADOR MULTIUSO,1315,Aromatizador multiuso Herbal (250 ml),3724.33
Aromatización,AROMATIZADOR MULTIUSO,39,Aromatizador multiuso Lavanda (250 ml),3724.33
Aromatización,AROMATIZADOR MULTIUSO,1317,Aromatizador multiuso Manzana Canela (250 ml),3724.33
Aromatización,AROMATIZADOR MULTIUSO,1318,Aromatizador multiuso Manzana Verde (250 ml),3724.33
Aromatización,AROMATIZADOR MULTIUSO,1319,Aromatizador multiuso Maracuya (250 ml),3724.33
Aromatización,AROMATIZADOR MULTIUSO,1320,Aromatizador multiuso Naranja (250 ml),3724.33
Aromatización,AROMATIZADOR MULTIUSO,1321,Aromatizador multiuso Pinck Fresh (250 ml),3724.33
Aromatización,AROMATIZADOR MULTIUSO,1322,Aromatizador multiuso Pino (250 ml),3724.33
Aromatización,AROMATIZADOR MULTIUSO,1323,Aromatizador multiuso Primavera (250 ml),3724.33
Aromatización,AROMATIZADOR MULTIUSO,1324,Aromatizador multiuso Sandía (250 ml),3724.33
Aromatización,AROMATIZADOR MULTIUSO,1325,Aromatizador multiuso Uva (250 ml),3724.33
Aromatización,AROMATIZADOR MULTIUSO,1326,Aromatizador multiuso Vainilla (250 ml),3724.33
Aromatización,AROMATIZADOR MULTIUSO,1327,Aromatizador multiuso Violeta (250 ml),3724.33
Aromatización,AROMATIZADOR MULTIUSO,1316,Aromatizador multiuso limon (250 ml),3724.33
Aromatización,AROMATIZADOR MULTIUSO,1328,Aromatizador multiuso Aloe Vera (60 ml),1795.83
Aromatización,AROMATIZADOR MULTIUSO,1329,Aromatizador multiuso Baby (60 ml),1795.83
Aromatización,AROMATIZADOR MULTIUSO,1330,Aromatizador multiuso Bambu (60 ml),1795.83
Aromatización,AROMATIZADOR MULTIUSO,1331,Aromatizador multiuso Brisa Marina (60 ml),1795.83
Aromatización,AROMATIZADOR MULTIUSO,1332,Aromatizador multiuso Carro Nuevo (60 ml),1795.83
Aromatización,AROMATIZADOR MULTIUSO,1333,Aromatizador multiuso Cherry (60 ml),1795.83
Aromatización,AROMATIZADOR MULTIUSO,1334,Aromatizador multiuso Chicle (60 ml),1795.83
Aromatización,AROMATIZADOR MULTIUSO,1335,Aromatizador multiuso Cipres (60 ml),1795.83
Aromatización,AROMATIZADOR MULTIUSO,1336,Aromatizador multiuso Citronela (60 ml),1795.83
Aromatización,AROMATIZADOR MULTIUSO,1337,Aromatizador multiuso Coco (60 ml),1795.83
Aromatización,AROMATIZADOR MULTIUSO,1338,Aromatizador multiuso Crombie (60 ml),1795.83
Aromatización,AROMATIZADOR MULTIUSO,1339,Aromatizador multiuso Fresa (60 ml),1795.83
Aromatización,AROMATIZADOR MULTIUSO,1340,Aromatizador multiuso Fresa Mora (60 ml),1795.83
Aromatización,AROMATIZADOR MULTIUSO,1341,Aromatizador multiuso Fresita (60 ml),1795.83
Aromatización,AROMATIZADOR MULTIUSO,1342,Aromatizador multiuso Frutos Citricos (60 ml),1795.83
Aromatización,AROMATIZADOR MULTIUSO,1343,Aromatizador multiuso Herbal (60 ml),1795.83
Aromatización,AROMATIZADOR MULTIUSO,41,Aromatizador multiuso Lavanda (60 ml),1795.83
Aromatización,AROMATIZADOR MULTIUSO,1345,Aromatizador multiuso Manzana Canela (60 ml),1795.83
Aromatización,AROMATIZADOR MULTIUSO,1346,Aromatizador multiuso Manzana Verde (60 ml),1795.83
Aromatización,AROMATIZADOR MULTIUSO,1347,Aromatizador multiuso Maracuya (60 ml),1795.83
Aromatización,AROMATIZADOR MULTIUSO,1348,Aromatizador multiuso Naranja (60 ml),1795.83
Aromatización,AROMATIZADOR MULTIUSO,1349,Aromatizador multiuso Pinck Fresh (60 ml),1795.83
Aromatización,AROMATIZADOR MULTIUSO,1350,Aromatizador multiuso Pino (60 ml),1795.83
Aromatización,AROMATIZADOR MULTIUSO,1351,Aromatizador multiuso Primavera (60 ml),1795.83
Aromatización,AROMATIZADOR MULTIUSO,1352,Aromatizador multiuso Sandía (60 ml),1795.83
Aromatización,AROMATIZADOR MULTIUSO,1353,Aromatizador multiuso Uva (60 ml),1795.83
Aromatización,AROMATIZADOR MULTIUSO,1354,Aromatizador multiuso Vainilla (60 ml),1795.83
Aromatización,AROMATIZADOR MULTIUSO,1355,Aromatizador multiuso Violeta (60 ml),1795.83
Aromatización,AROMATIZADOR MULTIUSO,1344,Aromatizador multiuso limon (60 ml),1795.83
Aromatización,AROMATIZADOR MULTIUSO,40,Aromatizador multiuso (Bolsita 250 ml),3145.78
Aromatización,AROMATIZADOR MULTIUSO,425,Aromatizador multiuso (Bolsita 500 ml),5819.08
Aromatización,AROMATIZADOR MULTIUSO,49,Aromatizador multiuso (Galón),41363.35
Aromatización,AROMATIZADOR MULTIUSO,66,Aromatizador multiuso (Litro),12183.15
Pisos y superficies,CERA PARA PISO LIQUIDA,43,Cera p/ pisos líquida (1/2 Galón),2128.33
Pisos y superficies,CERA PARA PISO LIQUIDA,2,Cera p/ pisos líquida (1/2 Pichinga),9463.28
Pisos y superficies,CERA PARA PISO LIQUIDA,45,Cera p/ pisos líquida Blanca (Galón),3441.04
Pisos y superficies,CERA PARA PISO LIQUIDA,46,Cera p/ pisos líquida Blanca (Litro),1489.93
Pisos y superficies,CERA PARA PISO LIQUIDA,1356,Cera p/ pisos líquida Roja (Galón),3441.04
Pisos y superficies,CERA PARA PISO LIQUIDA,1357,Cera p/ pisos líquida Roja (Litro),1489.93
Pisos y superficies,CERA PARA PISO LIQUIDA,492,Cera p/ pisos líquida (relleno por kilo),772.10
Superficies,Champú Para Carro,52,Champú p/ carro (1/2 Galón),1995.33
Superficies,Champú Para Carro,3,Champú p/ carro (1/2 Pichinga),8625.38
Superficies,Champú Para Carro,51,Champú p/ carro (Galón),3152.42
Superficies,Champú Para Carro,54,Champú p/ carro (Litro),1396.83
Superficies,Champú Para Carro,491,Champú p/ carro (relleno por kilos),725.71
Desinfección,CLORO,4,Cloro (1/2 Pichinga),3586.17
Desinfección,CLORO,63,Cloro (Galón),1205.54
Desinfección,CLORO,353,Cloro (relleno por kilos),203.57
Desinfección,CLORO,75,Cloro con tapa normal (Litro),705.23
Desinfección,CLORO,74,Cloro con trigger (Litro),1144.13
Desinfección,CLORO,249,Cloro 6% (1/2 Pichinga),7075.95
Desinfección,CLORO,71,Cloro 6% (Galón),2496.52
Desinfección,CLORO,473,Cloro 6% (relleno por kilo),556.07
Desinfección,CLORO,296,Cloro 12% (1/2 Pichinga),10902.62
Desinfección,CLORO,61,Cloro 12% (Galón),3984.25
Desinfección,CLORO,263,Cloro 12% (relleno por kilo),891.43
Desinfección,CLORO,73,Cloro granulado (Kilo),5985.01
Desinfección,CLORO,119,Detergente clorado (½pichinga),12635.41
Desinfección,CLORO,120,Detergente clorado (Galon),4734.59
Desinfección,CLORO,137,Detergente clorado (Litro),1902.23
Desinfección,CLORO,100,Detergente clorado (relleno),1150.04
Aromatización,CONTROLADOR DE MALOS O,78,Controlador malos olores (1/2 Galón),1696.08
Aromatización,CONTROLADOR DE MALOS O,5,Controlador malos olores (1/2 Pichinga),7182.33
Aromatización,CONTROLADOR DE MALOS O,1273,Controlador Malos Olores Bambu (Galón),2454.18
Aromatización,CONTROLADOR DE MALOS O,1358,Controlador Malos Olores Brisa Marina (Galón),2454.18
Aromatización,CONTROLADOR DE MALOS O,1275,Controlador Malos Olores Frutos Citricos (Galón),2454.18
Aromatización,CONTROLADOR DE MALOS O,79,Controlador Malos Olores Lavanda (Galón),2454.18
Aromatización,CONTROLADOR DE MALOS O,1277,Controlador Malos Olores Limon (Galón),2454.18
Aromatización,CONTROLADOR DE MALOS O,1276,Controlador Malos Olores Manzana Canela (Galón),2454.18
Aromatización,CONTROLADOR DE MALOS O,1274,Controlador Malos Olores Pino (Galón),2454.18
Aromatización,CONTROLADOR DE MALOS O,1278,Controlador Malos Olores Bambu (Litro),1908.88
Aromatización,CONTROLADOR DE MALOS O,1359,Controlador Malos Olores Brisa Marina (Litro),1908.88
Aromatización,CONTROLADOR DE MALOS O,1280,Controlador Malos Olores Frutos Citricos (Litro),1908.88
Aromatización,CONTROLADOR DE MALOS O,80,Controlador Malos Olores Lavanda (Litro),1908.88
Aromatización,CONTROLADOR DE MALOS O,1282,Controlador Malos Olores Limon (Litro),1908.88
Aromatización,CONTROLADOR DE MALOS O,1281,Controlador Malos Olores Manzana Canela (Litro),1908.88
Aromatización,CONTROLADOR DE MALOS O,1279,Controlador Malos Olores Pino (Litro),1908.88
Aromatización,CONTROLADOR DE MALOS O,390,Controlador malos olores (relleno por kilo),529.57
Cocina y lavado,CREMA LAVAPLATOS,82,Crema lavaplatos Duralimpio (1000 grs),1130.83
Cocina y lavado,CREMA LAVAPLATOS,1301,Crema lavaplatos Duralimza (Bolsa 3 unidades),1330.00
Cocina y lavado,CREMA LAVAPLATOS,404,Crema lavaplatos ORIX (Unidad 1 kg),1689.37
Cocina y lavado,CREMA LAVAPLATOS,1373,Crema lavaplatos Duralimpio (300grs),445.27
Higiene de manos,Crema Para Mecanicos,456,Crema para mecánicos (1/2 Galón),7980.67
Higiene de manos,Crema Para Mecanicos,91,Crema para mecánicos (250 grs),1822.43
Higiene de manos,Crema Para Mecanicos,92,Crema para mecánicos (Galón),13300.00
Baños y drenajes,DESATORADOR LIQUIDO,300,Desatorador Líquido (Galón),6650.00
Baños y drenajes,DESATORADOR LIQUIDO,299,Desatorador Líquido (Litro),2460.83
Baños y drenajes,DESATORADOR LIQUIDO,414,Desatorador Líquido (Relleno por kilo),1663.71
Cocina y desengrase,DESENGRASANTES,98,Deseng. Multiuso (1/2 Galón),1729.33
Cocina y desengrase,DESENGRASANTES,7,Deseng. Multiuso (1/2 Pichinga),6942.93
Cocina y desengrase,DESENGRASANTES,99,Deseng. Multiuso (Galón),2440.90
Cocina y desengrase,DESENGRASANTES,428,Deseng. Multiuso (Relleno por Kilos),534.66
Cocina y desengrase,DESENGRASANTES,437,Deseng. Multiuso Flip Top (Litro),1330.33
Cocina y desengrase,DESENGRASANTES,101,Deseng. Multiuso Trigger (Litro),1902.23
Cocina y desengrase,DESENGRASANTES,235,Deseng. Alcalino Emulsionante (1/2 Pichinga),11722.62
Cocina y desengrase,DESENGRASANTES,261,Deseng. Alcalino Emulsionante (Galón),4383.96
Cocina y desengrase,DESENGRASANTES,257,Deseng. Alcalino Emulsionante (Litro trigger),2427.18
Cocina y desengrase,DESENGRASANTES,243,Deseng. Alcalino Emulsionante (Relleno por kilo),1095.72
Cocina y desengrase,DESENGRASANTES,96,Deseng. Concentrado (1/2 Galón),2234.41
Cocina y desengrase,DESENGRASANTES,6,Deseng. Concentrado (1/2 Pichinga),9768.85
Cocina y desengrase,DESENGRASANTES,97,Deseng. Concentrado (Galón),3597.66
Cocina y desengrase,DESENGRASANTES,201,Deseng. Concentrado (Relleno por kilos),845.12
Cocina y desengrase,DESENGRASANTES,337,Deseng. Concentrado Flip Top (Litro),1496.58
Cocina y desengrase,DESENGRASANTES,95,Deseng. Concentrado Trigger (Litro),2194.83
Cocina y desengrase,DESENGRASANTES,103,Deseng. Súper Conc. (1/2 Galón),3677.45
Cocina y desengrase,DESENGRASANTES,8,Deseng. Súper Conc. (1/2 Pichinga),17290.35
Cocina y desengrase,DESENGRASANTES,102,Deseng. Súper Conc. (Galón),6650.33
Cocina y desengrase,DESENGRASANTES,204,Deseng. Súper Conc. (Relleno por kilos),1663.80
Cocina y desengrase,DESENGRASANTES,420,Deseng. Súper Conc. Flip Top (Litro),2328.76
Cocina y desengrase,DESENGRASANTES,104,Deseng. Súper Conc. Trigger (Litro),3345.30
Cocina y desengrase,DESENGRASANTES,149,Limpiador Desengrasante Naranja (1/2 Galón),3817.43
Cocina y desengrase,DESENGRASANTES,11,Limpiador Desengrasante Naranja (1/2 Pichinga),17203.88
Cocina y desengrase,DESENGRASANTES,448,Limpiador Desengrasante Naranja (250 ml),1635.91
Cocina y desengrase,DESENGRASANTES,161,Limpiador Desengrasante Naranja (Galón),6557.23
Cocina y desengrase,DESENGRASANTES,314,Limpiador Desengrasante Naranja (relleno por kilos),1638.84
Cocina y desengrase,DESENGRASANTES,229,Limpiador Desengrasante Naranja Flip Top (Litro),2680.28
Cocina y desengrase,DESENGRASANTES,162,Limpiador Desengrasante Naranja Trigger (Litro),3032.73
Desinfección,DESINFECTANTES,105,Desinfectante (1/2 Galón),964.58
Desinfección,DESINFECTANTES,9,Desinfectante (1/2 Pichinga),3812.86
Desinfección,DESINFECTANTES,16,Desinfectante Baby (Galón),1315.04
Desinfección,DESINFECTANTES,38,Desinfectante Bambú (Galón),1315.04
Desinfección,DESINFECTANTES,44,Desinfectante Bouquet (Galón),1315.04
Desinfección,DESINFECTANTES,47,Desinfectante Brisa Marina (Galón),1315.04
Desinfección,DESINFECTANTES,60,Desinfectante Citronela (Galón),1315.04
Desinfección,DESINFECTANTES,85,Desinfectante Floral (Galón),1315.04
Desinfección,DESINFECTANTES,93,Desinfectante Fresa (Galón),1315.04
Desinfección,DESINFECTANTES,109,Desinfectante Fresa Mora (Galón),1315.04
Desinfección,DESINFECTANTES,110,Desinfectante Frutos Cítricos (Galón),1315.04
Desinfección,DESINFECTANTES,113,Desinfectante Lavanda (Galón),1315.04
Desinfección,DESINFECTANTES,118,Desinfectante Limón (Galón),1315.04
Desinfección,DESINFECTANTES,132,Desinfectante Manzana (Galón),1315.04
Desinfección,DESINFECTANTES,143,Desinfectante Manzana Canela (Galón),1315.04
Desinfección,DESINFECTANTES,147,Desinfectante Pino (Galón),1315.04
Desinfección,DESINFECTANTES,167,Desinfectante Violeta (Galón),1315.04
Desinfección,DESINFECTANTES,108,Desinfectante Aloe (Galón),1315.04
Desinfección,DESINFECTANTES,116,Desinfectante Aloe Vera (Litro con tapa Flip Top),751.45
Desinfección,DESINFECTANTES,396,Desinfectante Baby (Litro con tapa Flip Top) (221 | ),751.45
Desinfección,DESINFECTANTES,403,Desinfectante Bambú (Litro con tapa Flip Top),751.45
Desinfección,DESINFECTANTES,409,Desinfectante Bouquet (Litro con tapa Flip Top),751.45
Desinfección,DESINFECTANTES,459,Desinfectante Brisa Marina (Litro con tapa Flip Top),751.45
Desinfección,DESINFECTANTES,472,Desinfectante Citronela (Litro con tapa Flip Top),751.45
Desinfección,DESINFECTANTES,480,Desinfectante Floral (Litro con tapa Flip Top),751.45
Desinfección,DESINFECTANTES,1012,Desinfectante Fresa (Litro con tapa Flip Top),751.45
Desinfección,DESINFECTANTES,1015,Desinfectante Fresa Mora (Litro con tapa Flip Top),751.45
Desinfección,DESINFECTANTES,1025,Desinfectante Frutos Cítricos (Litro con tapa Flip Top),751.45
Desinfección,DESINFECTANTES,1026,Desinfectante Lavanda (Litro con tapa Flip Top),751.45
Desinfección,DESINFECTANTES,1200,Desinfectante Limón (Litro con tapa Flip Top),751.45
Desinfección,DESINFECTANTES,1201,Desinfectante Manzana Canela (Litro con tapa Flip Top),751.45
Desinfección,DESINFECTANTES,516,Desinfectante Manzana Verde (Litro con tapa Flip Top),751.45
Desinfección,DESINFECTANTES,1202,Desinfectante Pino Fantasía (Litro con tapa Flip Top),751.45
Desinfección,DESINFECTANTES,1203,Desinfectante Violeta (Litro con tapa Flip Top),751.45
Desinfección,DESINFECTANTES,324,Desinfectante Aloe Vera (Litro Trigger),1177.38
Desinfección,DESINFECTANTES,1204,Desinfectante Baby (Litro Trigger),1177.38
Desinfección,DESINFECTANTES,1205,Desinfectante Bambú (Litro Trigger),1177.38
Desinfección,DESINFECTANTES,1206,Desinfectante Bouquet (Litro Trigger),1177.38
Desinfección,DESINFECTANTES,1207,Desinfectante Brisa Marina (Litro Trigger),1177.38
Desinfección,DESINFECTANTES,1208,Desinfectante Citronela (Litro Trigger),1177.38
Desinfección,DESINFECTANTES,1209,Desinfectante Floral (Litro Trigger),1177.38
Desinfección,DESINFECTANTES,1210,Desinfectante Fresa (Litro Trigger),1177.38
Desinfección,DESINFECTANTES,1211,Desinfectante Fresa Mora (Litro Trigger),1177.38
Desinfección,DESINFECTANTES,1212,Desinfectante Frutos Cítricos (Litro Trigger),1177.38
Desinfección,DESINFECTANTES,1213,Desinfectante Lavanda (Litro Trigger),1177.38
Desinfección,DESINFECTANTES,1214,Desinfectante Limón(Litro Trigger),1177.38
Desinfección,DESINFECTANTES,1216,Desinfectante Manzana Canela (Litro Trigger),1177.38
Desinfección,DESINFECTANTES,1215,Desinfectante Manzana Verde (Litro Trigger),1177.38
Desinfección,DESINFECTANTES,1217,Desinfectante Pino Fantasía (Litro Trigger),1177.38
Desinfección,DESINFECTANTES,1218,Desinfectante Violeta (Litro Trigger),1177.38
Desinfección,DESINFECTANTES,232,Desinfectante (relleno por kilos),252.49
Desinfección,DESINFECTANTES,254,Desinfect. Súper- Hospit. (1/2 Galón),1443.38
Desinfección,DESINFECTANTES,253,Desinfect. Súper- Hospit. (1/2 Pichinga),5818.75
Desinfección,DESINFECTANTES,117,Desinfect. Súper- Hospit. (Galón),2021.93
Desinfección,DESINFECTANTES,386,Desinfect. Súper- Hospit. (Galón) Caja 1x5,13566.33
Desinfección,DESINFECTANTES,514,Desinfect. Súper- Hospit. (Litro con trigger),1795.83
Desinfección,DESINFECTANTES,247,Desinfect. Súper- Hospit. (Litro tapa flip top),1124.18
Desinfección,DESINFECTANTES,225,Desinfect. Súper- Hospit. (relleno por kilos),432.25
Desinfección,DESINFECTANTES,1284,Desinfect. Concent. Baby (120 ml p/ galón),1330.33
Desinfección,DESINFECTANTES,1285,Desinfect. Concent. Bambú (120 ml p/ galón),1330.33
Desinfección,DESINFECTANTES,1286,Desinfect. Concent. Bouquet (120 ml p/ galón),1330.33
Desinfección,DESINFECTANTES,1287,Desinfect. Concent. Brisa Marina (120 ml p/ galón),1330.33
Desinfección,DESINFECTANTES,328,Desinfect. Concent. Citronela (120 ml p/ galón),1330.33
Desinfección,DESINFECTANTES,1288,Desinfect. Concent. Floral (120 ml p/ galón),1330.33
Desinfección,DESINFECTANTES,1289,Desinfect. Concent. Fresa (120 ml p/ galón),1330.33
Desinfección,DESINFECTANTES,1290,Desinfect. Concent. Fresa Mora (120 ml p/ galón),1330.33
Desinfección,DESINFECTANTES,1291,Desinfect. Concent. Frutos Cítricos (120 ml p/ galón),1330.33
Desinfección,DESINFECTANTES,369,Desinfect. Concent. Lavanda (120 ml p/ galón),1330.33
Desinfección,DESINFECTANTES,1292,Desinfect. Concent. Limón (120 ml p/ galón),1330.33
Desinfección,DESINFECTANTES,1294,Desinfect. Concent. Manzana Canela (120 ml p/ galón),1330.33
Desinfección,DESINFECTANTES,1293,Desinfect. Concent. Manzana Verde (120 ml p/ galón),1330.33
Desinfección,DESINFECTANTES,1297,Desinfect. Concent. Maracuya (120 ml p/ galón),1330.33
Desinfección,DESINFECTANTES,1295,Desinfect. Concent. Pino Fantasía (120 ml p/ galón),1330.33
Desinfección,DESINFECTANTES,1298,Desinfect. Concent. Sandía (120 ml p/ galón),1330.33
Desinfección,DESINFECTANTES,1296,Desinfect. Concent. Violeta (120 ml p/ galón),1330.33
Desinfección,DESINFECTANTES,1283,Desinfect. Concent. Áloe Vera (120 ml p/ galón),1330.33
Desinfección,DESINFECTANTES,106,Desinfect. Concent. (Galón),38278.86
Desinfección,DESINFECTANTES,259,Desinfect. Concent. (Litro con tapa Flip Top),9247.13
Desinfección,DESINFECTANTES,430,Desinfect. Concent. (Relleno por Kilos),10113.31
Lavandería,DETERGENTE EN POLVO,267,Deterg. Polvo Duralimza Kilo (Bulto 1 X 15),19418.35
Lavandería,DETERGENTE EN POLVO,134,Deterg. Polvo Fórmula Blanca (Bulto 15 Kilos),27644.38
Lavandería,DETERGENTE EN POLVO,366,Deterg. Polvo Ind. granel (Bulto 15 kilos),19418.35
Lavandería,DETERGENTE EN POLVO,329,Deterg. Polvo Ind. -Sin Aroma-(1 Kilo),1297.08
Lavandería,DETERGENTE EN POLVO,77,Deterg. Polvo Ind.granel (Bulto 10K),12947.55
Lavandería,DETERGENTE EN POLVO,121,Deterg. Polvo Ind.granel (Bulto 25K),32365.55
Lavandería,DETERGENTE EN POLVO,128,Deterg. Polvo Indust. 5K.(Bulto 1X6),36608.25
Lavandería,DETERGENTE EN POLVO,127,Deterg. Polvo Indust. Kilo (Bulto 1x25),32365.55
Lavandería,DETERGENTE EN POLVO,297,Deterg. Polvo Indust.- unidad -10 Kilos,12947.55
Lavandería,DETERGENTE EN POLVO,126,Deterg. Polvo industrial (1 Kilo),1297.08
Lavandería,DETERGENTE EN POLVO,129,Deterg. Polvo Industrial (Unidad 5 kilos),6102.04
Lavandería,DETERGENTE EN POLVO,402,Detergente Lariansa y PQP,1243.82
Lavandería,DETERGENTE EN POLVO,422,Detergente Lariansa y PQP 1x3,3564.67
Lavandería,DETERGENTE EN POLVO,555,Detergente Lariansa 5KG,5985.01
Lavandería,DETERGENTE EN POLVO,485,Detergente Polvo 20% (Unidad 1 kilo),1349.95
Lavandería,DETERGENTE LIQUIDO,139,Detergente Líquido (1/2 Galón),2121.70
Lavandería,DETERGENTE LIQUIDO,10,Detergente Líquido (1/2 Pichinga),9190.65
Lavandería,DETERGENTE LIQUIDO,1249,Detergente Líquido Aloe Vera (Galón),3345.30
Lavandería,DETERGENTE LIQUIDO,1247,Detergente Líquido Bouquet (Galón),3345.30
Lavandería,DETERGENTE LIQUIDO,1248,Detergente Líquido Brisa Marina (Galón),3345.30
Lavandería,DETERGENTE LIQUIDO,1366,Detergente Líquido BABY (Galón),3345.30
Lavandería,DETERGENTE LIQUIDO,140,Detergente Líquido Lavanda (Galón),3345.30
Lavandería,DETERGENTE LIQUIDO,1252,Detergente Líquido Aloe Vera (Litro),1463.33
Lavandería,DETERGENTE LIQUIDO,1250,Detergente Líquido Bouquet (Litro),1463.33
Lavandería,DETERGENTE LIQUIDO,1251,Detergente Líquido Brisa Marina (Litro),1463.33
Lavandería,DETERGENTE LIQUIDO,1365,Detergente Líquido BABY (Litro),1463.33
Lavandería,DETERGENTE LIQUIDO,141,Detergente Líquido Lavanda (Litro),1463.33
Lavandería,DETERGENTE LIQUIDO,196,Detergente Líquido (relleno por kilos),777.45
Desinfección,ECOCLORO,208,Ecocloro (1/2 Galón),1596.33
Desinfección,ECOCLORO,411,Ecocloro (1/2 Pichinga),6663.63
Desinfección,ECOCLORO,368,Ecocloro (240 ml),1031.08
Desinfección,ECOCLORO,410,Ecocloro (Galón),2447.53
Desinfección,ECOCLORO,356,Ecocloro (relleno por kilo),536.68
Desinfección,ECOCLORO,454,Ecocloro Con Detergente (1/2 Pichinga),9137.43
Desinfección,ECOCLORO,412,Ecocloro Con Detergente (Galón Caja 1 x 5),18048.43
Desinfección,ECOCLORO,440,Ecocloro Con Detergente (Galón),3611.28
Desinfección,ECOCLORO,441,Ecocloro Con Detergente (Litro),1622.93
Desinfección,ECOCLORO,423,Ecocloro Con Detergente (relleno por kilo),848.78
Desinfección,ECOCLORO,416,Ecocloro con tapa flip top(Litro),1350.28
Desinfección,ECOCLORO,490,Ecocloro con trigger (Litro),2035.23
Desinfección,ECOCLORO,474,Ecocloro Neutro Grado Alimenticio (Galón),2447.52
Desinfección,ECOCLORO,455,Ecocloro Neutro Grado Alimenticio con tapa flip top(Litro),1476.63
Desinfección,ECOCLORO,445,Ecocloro Neutro Grado Alimenticio con trigger (Litro),1863.13
Higiene de manos,JABON ESPUMOSO,344,Jabón Espumoso (1/2 Galón),1928.83
Higiene de manos,JABON ESPUMOSO,556,Jabón Espumoso (1/2 Pichinga),10494.03
Higiene de manos,JABON ESPUMOSO,53,Jabón Espumoso (Galón),3152.43
Higiene de manos,JABON ESPUMOSO,239,Jabón Espumoso (Litro Tapa Flip Top),1396.83
Higiene de manos,JABON LIQUIDO,151,Jabón Líquido (1/2 Galón),2128.33
Higiene de manos,JABON LIQUIDO,242,Jabón Líquido (1/2 Pichinga),9197.28
Higiene de manos,JABON LIQUIDO,276,Jabón Líquido Baby (Galón),3371.88
Higiene de manos,JABON LIQUIDO,260,Jabón Líquido Bambú (Galón),3371.88
Higiene de manos,JABON LIQUIDO,212,Jabón Líquido Brisa Marina (Galón),3371.88
Higiene de manos,JABON LIQUIDO,202,Jabón Líquido Coco (Galón),3371.88
Higiene de manos,JABON LIQUIDO,168,Jabón Líquido Fresa (Galón),3371.88
Higiene de manos,JABON LIQUIDO,271,Jabón Líquido Frutos Cítricos (Galón),3371.88
Higiene de manos,JABON LIQUIDO,188,Jabón Líquido Herbal (Galón),3371.88
Higiene de manos,JABON LIQUIDO,394,Jabón Líquido Limón (Galón),3371.88
Higiene de manos,JABON LIQUIDO,245,Jabón Líquido Manzana Canela (Galón),3371.88
Higiene de manos,JABON LIQUIDO,241,Jabón Líquido Manzana Verde (Galón),3371.88
Higiene de manos,JABON LIQUIDO,277,Jabón Líquido Maracuya (Galón),3371.88
Higiene de manos,JABON LIQUIDO,252,Jabón Líquido Naranja (Galón),3371.88
Higiene de manos,JABON LIQUIDO,1360,Jabón Líquido Neutro (Galón),3371.88
Higiene de manos,JABON LIQUIDO,278,Jabón Líquido Sandia (Galón),3371.88
Higiene de manos,JABON LIQUIDO,148,Jabón Líquido Sábila (Galón),3371.88
Higiene de manos,JABON LIQUIDO,255,Jabón Líquido Uva (Galón),3371.88
Higiene de manos,JABON LIQUIDO,1229,Jabón Líquido Baby (Litro Tapa Flip Top),1476.63
Higiene de manos,JABON LIQUIDO,1227,Jabón Líquido Bambú (Litro Tapa Flip Top),1476.63
Higiene de manos,JABON LIQUIDO,1222,Jabón Líquido Brisa Marina (Litro Tapa Flip Top),1476.63
Higiene de manos,JABON LIQUIDO,1221,Jabón Líquido Coco (Litro Tapa Flip Top),1476.63
Higiene de manos,JABON LIQUIDO,1219,Jabón Líquido Fresa (Litro Tapa Flip Top),1476.63
Higiene de manos,JABON LIQUIDO,1228,Jabón Líquido Frutos Cítricos (Litro Tapa Flip Top),1476.63
Higiene de manos,JABON LIQUIDO,1220,Jabón Líquido Herbal (Litro Tapa Flip Top),1476.63
Higiene de manos,JABON LIQUIDO,1232,Jabón Líquido Limón (Litro Tapa Flip Top),1476.63
Higiene de manos,JABON LIQUIDO,1224,Jabón Líquido Manzana Canela (Litro Tapa Flip Top),1476.63
Higiene de manos,JABON LIQUIDO,1223,Jabón Líquido Manzana Verde (Litro Tapa Flip Top),1476.63
Higiene de manos,JABON LIQUIDO,1230,Jabón Líquido Maracuya (Litro Tapa Flip Top),1476.63
Higiene de manos,JABON LIQUIDO,1225,Jabón Líquido Naranja (Litro Tapa Flip Top),1476.63
Higiene de manos,JABON LIQUIDO,1361,Jabón Líquido Neutro (Litro Tapa Flip Top),1476.63
Higiene de manos,JABON LIQUIDO,1231,Jabón Líquido Sandia (Litro Tapa Flip Top),1476.63
Higiene de manos,JABON LIQUIDO,150,Jabón Líquido Sábila (Litro Tapa Flip Top),1476.63
Higiene de manos,JABON LIQUIDO,1226,Jabón Líquido Uva (Litro Tapa Flip Top),1476.63
Higiene de manos,JABON LIQUIDO,294,Jabón Líquido (Relleno por Kilo),779.22
Higiene de manos,JABON LIQUIDO,503,Jabón Líquido 1000 ml (Env nat C/ dispens.),2374.38
Higiene de manos,JABON LIQUIDO,305,Jabón Líquido 1100 ml (Env trasp c/ dispens.),2081.78
Higiene de manos,JABON LIQUIDO,154,Jabón Líquido 250 ml (Bolsita),638.73
Higiene de manos,JABON LIQUIDO,346,Jabón Líquido 500 ml (Bolsa),798.33
Higiene de manos,JABON LIQUIDO,153,Jabón Líquido Env/Campana (250 ml c/dispensador),1396.83
Higiene de manos,JABON LIQUIDO,457,Jabón Líquido Espumoso (Relleno por Kilo),725.74
Superficies,Limpiador De Aros,348,Limpiador de Aros (1/2 Pichinga),20289.15
Superficies,Limpiador De Aros,23,Limpiador de Aros (Galón),8058.55
Superficies,Limpiador De Aros,24,Limpiador de Aros (Litro con trigger),3023.83
Superficies,Limpiador De Aros,942,Limpiador de Aros (Relleno por kilo),2122.09
Baños,'Limpiador De Griferias,1037,Limpiador de Griferia (Bolsita 250),665.00
Baños,'Limpiador De Griferias,1032,Limpiador de Griferia (GALÓN),3292.85
Baños,'Limpiador De Griferias,1031,Limpiador de Griferia (LITRO ),1438.28
Baños,'Limpiador De Griferias,1029,Limpiador de Griferia (Relleno por kilo),1003.94
Vidrios y cristales,LIMPIADOR PARA CRISTALES,1064,Limpiador de Parabrisas (1/2 Pichinga),39833.85
Vidrios y cristales,LIMPIADOR PARA CRISTALES,194,Limpiador de Parabrisas (120ml),931.00
Vidrios y cristales,LIMPIADOR PARA CRISTALES,1063,Limpiador de Parabrisas (Galón),15760.83
Vidrios y cristales,LIMPIADOR PARA CRISTALES,515,Limpiador de Parabrisas (Relleno),4107.08
Vidrios y cristales,LIMPIADOR PARA CRISTALES,1062,Limpiador de Parabrisas (litro con tapa),4788.33
Superficies,Lavado En Seco Para Autos,1378,Lavado en Seco para Autos (1/2 Pichinga),16246.30
Superficies,Lavado En Seco Para Autos,1377,Lavado en Seco para Autos (Galón),6171.55
Superficies,Lavado En Seco Para Autos,1375,Lavado en Seco para Autos (LITRO),2793.33
Superficies,Lavado En Seco Para Autos,1376,Lavado en Seco para Autos (Relleno por kilo),1535.39
No indicado,LAVAPLATOS LIQUIDO,158,Lavaplatos Líquido (1/2 Galón),2135.00
No indicado,LAVAPLATOS LIQUIDO,68,Lavaplatos Líquido (1/2 Pichinga),9243.83
No indicado,LAVAPLATOS LIQUIDO,159,Lavaplatos Líquido (Galón),3306.38
No indicado,LAVAPLATOS LIQUIDO,160,Lavaplatos Líquido (Litro),1509.90
No indicado,LAVAPLATOS LIQUIDO,367,Lavaplatos Líquido (relleno por kilo),767.02
Higiene de manos,LIMPIADOR EN GEL (ALCOHO,421,Limpiador en Gel (Relleno por kilos),1264.31
Higiene de manos,LIMPIADOR EN GEL (ALCOHO,34,Limpiador en Gel 1/2 Galón (Alcohol),2999.48
Higiene de manos,LIMPIADOR EN GEL (ALCOHO,461,Limpiador en Gel 1/2 Pichinga (Alcohol),13932.08
Higiene de manos,LIMPIADOR EN GEL (ALCOHO,467,Limpiador en Gel 1000 ml con dispensador (Alcohol),2992.83
Higiene de manos,LIMPIADOR EN GEL (ALCOHO,306,Limpiador en Gel 1100 ml con dispensador (Alcohol),2726.83
Higiene de manos,LIMPIADOR EN GEL (ALCOHO,465,Limpiador en Gel 240 ml Botellita Tapa Flip top (Alcohol),1031.08
Higiene de manos,LIMPIADOR EN GEL (ALCOHO,36,Limpiador en Gel 250 ml Bolsita (Alcohol),698.58
Higiene de manos,LIMPIADOR EN GEL (ALCOHO,343,Limpiador en Gel 250 ml Botellita Flip Top (Alcohol),878.13
Higiene de manos,LIMPIADOR EN GEL (ALCOHO,35,Limpiador en Gel 250 ml Botellita Valvula (Alcohol),3441.04
Higiene de manos,LIMPIADOR EN GEL (ALCOHO,443,Limpiador en Gel 500 ml Bolsita (Alcohol),1064.35
Higiene de manos,LIMPIADOR EN GEL (ALCOHO,497,Limpiador en Gel 500 ml Valvula (Alcohol),1835.73
Higiene de manos,LIMPIADOR EN GEL (ALCOHO,32,Limpiador en Gel Galón (Alcohol),5160.73
Higiene de manos,LIMPIADOR EN GEL (ALCOHO,33,Limpiador en Gel Litro Flip Top (Alcohol),1995.33
Baños,LIMPIADOR DE LOZA SANITAR,171,Limpiador loza sanitaria (1/2 Galón),1822.43
Baños,LIMPIADOR DE LOZA SANITAR,351,Limpiador loza sanitaria (1/2 Pichinga),7740.93
Baños,LIMPIADOR DE LOZA SANITAR,170,Limpiador loza sanitaria (Galón),2793.33
Baños,LIMPIADOR DE LOZA SANITAR,484,Limpiador loza sanitaria (relleno por kilo),629.44
Baños,LIMPIADOR DE LOZA SANITAR,169,Limpiador loza sanitaria Flip Top (Litro),1463.33
Vidrios y cristales,LIMPIADOR PARA CRISTALES,166,Limpiador p/ Cristales (1/2 Galón),1330.33
Vidrios y cristales,LIMPIADOR PARA CRISTALES,258,Limpiador p/ Cristales (1/2 Pichinga),5307.03
Vidrios y cristales,LIMPIADOR PARA CRISTALES,444,Limpiador p/ Cristales (240 ml),1097.58
Vidrios y cristales,LIMPIADOR PARA CRISTALES,164,Limpiador p/ Cristales (Galón),1782.53
Vidrios y cristales,LIMPIADOR PARA CRISTALES,426,Limpiador p/ Cristales (Relleno por Kilos),358.36
Vidrios y cristales,LIMPIADOR PARA CRISTALES,183,Limpiador p/ Cristales Flip Top (Litro),1097.58
Vidrios y cristales,LIMPIADOR PARA CRISTALES,163,Limpiador p/ Cristales Trigger (Litro),1709.38
Lavandería,QUITAMANCHAS PARA ROPA,211,Quitamanchas ropa color (1/2 Galón),2261.35
Lavandería,QUITAMANCHAS PARA ROPA,12,Quitamanchas ropa color (1/2 Pichinga),9895.53
Lavandería,QUITAMANCHAS PARA ROPA,209,Quitamanchas ropa color (Galón),3665.29
Lavandería,QUITAMANCHAS PARA ROPA,210,Quitamanchas ropa color (Litro),1469.98
Lavandería,QUITAMANCHAS PARA ROPA,213,Quitamanchas ropa color (relleno por kilo),863.26
Lavandería,REFORZADOR DE AROMA PA,1262,Reforzador de Aroma Baby (Galón),3990.33
Lavandería,REFORZADOR DE AROMA PA,1264,Reforzador de Aroma Floral (Galón),3990.33
Lavandería,REFORZADOR DE AROMA PA,1261,Reforzador de Aroma Lavanda (Galón),3990.33
Lavandería,REFORZADOR DE AROMA PA,182,Reforzador de Aroma Primavera (Galón),3990.33
Lavandería,REFORZADOR DE AROMA PA,1263,Reforzador de Aroma Verde Sensacion (Galón),3990.33
Lavandería,REFORZADOR DE AROMA PA,1266,Reforzador de Aroma Baby (Litro con trigger),2327.83
Lavandería,REFORZADOR DE AROMA PA,1268,Reforzador de Aroma Floral (Litro con trigger),2327.83
Lavandería,REFORZADOR DE AROMA PA,1265,Reforzador de Aroma Lavanda (Litro con trigger),2327.83
Lavandería,REFORZADOR DE AROMA PA,427,Reforzador de Aroma Primavera (Litro con trigger),2327.83
Lavandería,REFORZADOR DE AROMA PA,1267,Reforzador de Aroma Verde Sensacion (Litro con trigger),2327.83
Lavandería,REFORZADOR DE AROMA PA,1270,Reforzador de Aroma Baby (250ml),1370.25
Lavandería,REFORZADOR DE AROMA PA,1272,Reforzador de Aroma Floral (250ml),1370.25
Lavandería,REFORZADOR DE AROMA PA,1269,Reforzador de Aroma Lavanda (250ml),1370.25
Lavandería,REFORZADOR DE AROMA PA,184,Reforzador de Aroma Primavera (250ml),1370.25
Lavandería,REFORZADOR DE AROMA PA,1271,Reforzador de Aroma Verde Sensacion (250ml),1370.25
Desinfección,SANITIZANTE,192,Sanitizante con Aroma (1/2 Pichinga),6231.38
Desinfección,SANITIZANTE,274,Sanitizante con Aroma (Galón),2154.93
Desinfección,SANITIZANTE,181,Sanitizante con Aroma (Litro con Trigger),1822.43
Desinfección,SANITIZANTE,179,Sanitizante con Aroma (Litro Flip Top),1330.33
Desinfección,SANITIZANTE,172,Sanitizante con Aroma (Relleno por kilo),452.87
Superficies,SILICON ABRILLANTADOR (TI,217,Silicón abrillantador (1/2 Galón),3684.43
Superficies,SILICON ABRILLANTADOR (TI,13,Silicón abrillantador (1/2 Pichinga),16997.75
Superficies,SILICON ABRILLANTADOR (TI,218,Silicón abrillantador (240 ml),1363.58
Superficies,SILICON ABRILLANTADOR (TI,405,Silicón abrillantador (250 ml Bolsita),844.88
Superficies,SILICON ABRILLANTADOR (TI,338,Silicón abrillantador (500 ml Bolsita),1203.98
Superficies,SILICON ABRILLANTADOR (TI,219,Silicón abrillantador (Galón),6470.78
Superficies,SILICON ABRILLANTADOR (TI,431,Silicón abrillantador (relleno por kilo),1615.64
Superficies,SILICON ABRILLANTADOR (TI,360,Silicón abrillantador Flip Top (Litro),2281.28
Superficies,SILICON ABRILLANTADOR (TI,220,Silicón abrillantador Trigger (Litro),2926.33
Lavandería,SUAVIZANTE PARA ROPA,221,Suavizante p/ ropa (1/2 Galón),2746.78
Lavandería,SUAVIZANTE PARA ROPA,14,Suavizante p/ ropa (1/2 Pichinga),12256.28
Lavandería,SUAVIZANTE PARA ROPA,1254,Suavizante p/ ropa Baby (Galón),4435.88
Lavandería,SUAVIZANTE PARA ROPA,1256,Suavizante p/ ropa Floral (Galón),4435.88
Lavandería,SUAVIZANTE PARA ROPA,1253,Suavizante p/ ropa Lavanda (Galón),4435.88
Lavandería,SUAVIZANTE PARA ROPA,222,Suavizante p/ ropa Primavera (Galón),4435.88
Lavandería,SUAVIZANTE PARA ROPA,1255,Suavizante p/ ropa Verde Sensacion (Galón),4435.88
Lavandería,SUAVIZANTE PARA ROPA,1258,Suavizante p/ ropa Baby (Litro),1815.80
Lavandería,SUAVIZANTE PARA ROPA,1260,Suavizante p/ ropa Floral (Litro),1815.80
Lavandería,SUAVIZANTE PARA ROPA,1257,Suavizante p/ ropa Lavanda (Litro),1815.80
Lavandería,SUAVIZANTE PARA ROPA,223,Suavizante p/ ropa Primavera (Litro),1815.80
Lavandería,SUAVIZANTE PARA ROPA,1259,Suavizante p/ ropa Verde Sensacion (Litro),1815.80
Lavandería,SUAVIZANTE PARA ROPA,293,Suavizante p/ ropa (Relleno por kilo),1068.16
Limpieza general,VINAGRE PARA LIMPIEZA,42,Vinagre (Relleno por kilo),374.41
Limpieza general,VINAGRE PARA LIMPIEZA,325,Vinagre limpiador concentrado (1/2 Pichinga),5453.33
Limpieza general,VINAGRE PARA LIMPIEZA,466,Vinagre limpiador concentrado (Galón),1842.40
Limpieza general,VINAGRE PARA LIMPIEZA,349,Vinagre limpiador concentrado (Litro),1735.98
Accesorios y consumibles,PRODUCTOS VARIADOS,70,Alambrina Acero (12 und),4362.73
Accesorios y consumibles,PRODUCTOS VARIADOS,248,Bolsa Negra Bio Papelera (Paq. 15 uds),425.60
Accesorios y consumibles,PRODUCTOS VARIADOS,237,Bolsa Negra Bio Residencial (Paq. 10 uds),864.50
Accesorios y consumibles,Productos Variados,28,Caja cartón para galón,578.62
Accesorios y consumibles,PRODUCTOS VARIADOS,520,Cepillo Lechero,2081.78
Accesorios y consumibles,PRODUCTOS VARIADOS,493,Cera Irex Cremosa (Burbuja 330 ml),1755.96
Accesorios y consumibles,Productos Variados,336,Cinta Adhesiva Transparente (Unidad),1814.00
Accesorios y consumibles,Productos Variados,513,Desatascador para baño,1955.43
Accesorios y consumibles,PRODUCTOS VARIADOS,142,Disp Jabón ESPUMOSO 1000 ML,7815.08
Accesorios y consumibles,PRODUCTOS VARIADOS,224,Disp Jabón LIQUIDO 1000 ML,9273.25
Accesorios y consumibles,PRODUCTOS VARIADOS,1049,Dispensador de Toalla INTERFOLEADA,36144.75
Accesorios y consumibles,PRODUCTOS VARIADOS,283,Escoba LA PALMA (Unidad),2254.70
Accesorios y consumibles,PRODUCTOS VARIADOS,375,Esponja Scoth Brite Doble Uso (Unidad),931.33
Accesorios y consumibles,PRODUCTOS VARIADOS,479,Esponja 3M Verde (Unidad),501.52
Accesorios y consumibles,PRODUCTOS VARIADOS,500,Esponja Morada (Unidad),1330.01
Accesorios y consumibles,PRODUCTOS VARIADOS,322,Gancho para pisos #2 (Unidad),2966.23
Accesorios y consumibles,PRODUCTOS VARIADOS,288,Guantes Latex (Caja 100 Unids),6650.00
Accesorios y consumibles,PRODUCTOS VARIADOS,521,Guantes SATINADO S M L,665.00
Accesorios y consumibles,PRODUCTOS VARIADOS,501,Hisopo con base,2154.93
Accesorios y consumibles,Final,304,Herva Articol 720 ml,3039.32
Accesorios y consumibles,PRODUCTOS VARIADOS,399,Jabón Antib. Hotelero Petit (Unidad),117.37
Accesorios y consumibles,PRODUCTOS VARIADOS,398,Jabón Antib. XPro (Unidad),666.00
Accesorios y consumibles,PRODUCTOS VARIADOS,401,Jabón Azul Rallado 400grs (Unidad),1762.58
Accesorios y consumibles,PRODUCTOS VARIADOS,400,Jabón Barra Azul Don Lucho 200 grs (Unidad),858.18
Accesorios y consumibles,PRODUCTOS VARIADOS,226,Jabón Barra Azul Don Lucho 400 grs (Unidad),1556.43
Accesorios y consumibles,PRODUCTOS VARIADOS,489,Jabón Cilindro Irex Floral 270 grs (Unidad),419.65
Accesorios y consumibles,PRODUCTOS VARIADOS,486,Mecha p/ piso práctica #50 (Unidad),2573.11
Accesorios y consumibles,Final,310,Navajilla Dorco (1X12),3697.73
Accesorios y consumibles,PRODUCTOS VARIADOS,377,Pala para basura (Unidad),1711.36
Accesorios y consumibles,PRODUCTOS VARIADOS,508,Paño de MICRO FIBRA (UNIDAD),831.58
Accesorios y consumibles,PRODUCTOS VARIADOS,56,Paño microfibra p/ escoba (Unidad),3192.35
Accesorios y consumibles,PRODUCTOS VARIADOS,227,Papel Hig. ECOS 1000 H (Unidad),66.31
Accesorios y consumibles,PRODUCTOS VARIADOS,270,Papel Hig. ECOS 1000 H . (Paquete 1 x 4),1815.46
Accesorios y consumibles,PRODUCTOS VARIADOS,330,Papel Hig. SCOTT Jumbo Roll 400 mts,2297.04
Accesorios y consumibles,PRODUCTOS VARIADOS,215,Servilleta interfoliada POP UP 1x120 (Unidad),452.21
Accesorios y consumibles,PRODUCTOS VARIADOS,512,Servilleta Kleenex Pop Up (18X125),738.48
Accesorios y consumibles,PRODUCTOS VARIADOS,216,Servilleta multiuso (Paq.100 Unids),519.03
Accesorios y consumibles,PRODUCTOS VARIADOS,198,Toalla Interfoliada SCOTT (1X150),2580.20
Accesorios y consumibles,PRODUCTOS VARIADOS,334,Toalla Mayordomo FIESTA 1X3,1929.50
Accesorios y consumibles,PRODUCTOS VARIADOS,234,Toalla Mayordomo Individual (Unid 95 H),1064.35
Accesorios y consumibles,PRODUCTOS VARIADOS,230,Toalla Rollo p/manos SANITISU (Unid. 240 mts),6583.51
Accesorios y consumibles,PRODUCTOS VARIADOS,499,Toallita húmeda 1x80,1729.00
